참조 프로젝트,대상 프로젝트,분석
FinUp.Finance.Admin,FinUp.Finance,csproj에서 대상 프로젝트 문자열/ProjectReference 확인. endpoint 호출 메소드 직접 호출 여부는 상세 연결 표 참조.
FinUp.Core.HealthCheck,FinUp.General,csproj에서 대상 프로젝트 문자열/ProjectReference 확인. endpoint 호출 메소드 직접 호출 여부는 상세 연결 표 참조.
FinUp.General.Admin,FinUp.General,csproj에서 대상 프로젝트 문자열/ProjectReference 확인. endpoint 호출 메소드 직접 호출 여부는 상세 연결 표 참조.
FinUp.General.MobileWeb,FinUp.General,csproj에서 대상 프로젝트 문자열/ProjectReference 확인. endpoint 호출 메소드 직접 호출 여부는 상세 연결 표 참조.
FinUp.General.Web,FinUp.General,csproj에서 대상 프로젝트 문자열/ProjectReference 확인. endpoint 호출 메소드 직접 호출 여부는 상세 연결 표 참조.
FinUp.Finance.Admin,FinUp.Stock,csproj에서 대상 프로젝트 문자열/ProjectReference 확인. endpoint 호출 메소드 직접 호출 여부는 상세 연결 표 참조.
FinUp.Radar.App.AlphaBot,FinUp.Stock,csproj에서 대상 프로젝트 문자열/ProjectReference 확인. endpoint 호출 메소드 직접 호출 여부는 상세 연결 표 참조.
FinUp.Stock.Admin,FinUp.Stock,csproj에서 대상 프로젝트 문자열/ProjectReference 확인. endpoint 호출 메소드 직접 호출 여부는 상세 연결 표 참조.
FinUp.Stock.App,FinUp.Stock,csproj에서 대상 프로젝트 문자열/ProjectReference 확인. endpoint 호출 메소드 직접 호출 여부는 상세 연결 표 참조.
FinUp.Stock.App.AlphaBot,FinUp.Stock,csproj에서 대상 프로젝트 문자열/ProjectReference 확인. endpoint 호출 메소드 직접 호출 여부는 상세 연결 표 참조.
FinUp.Stock.App.AlphaBot.Test,FinUp.Stock,csproj에서 대상 프로젝트 문자열/ProjectReference 확인. endpoint 호출 메소드 직접 호출 여부는 상세 연결 표 참조.
FinUp.Stock.Challenger,FinUp.Stock,csproj에서 대상 프로젝트 문자열/ProjectReference 확인. endpoint 호출 메소드 직접 호출 여부는 상세 연결 표 참조.
FinUp.Stock.ChallengerWeb,FinUp.Stock,csproj에서 대상 프로젝트 문자열/ProjectReference 확인. endpoint 호출 메소드 직접 호출 여부는 상세 연결 표 참조.
FinUp.Stock.Mentor,FinUp.Stock,csproj에서 대상 프로젝트 문자열/ProjectReference 확인. endpoint 호출 메소드 직접 호출 여부는 상세 연결 표 참조.
FinUp.Stock.MobileWeb,FinUp.Stock,csproj에서 대상 프로젝트 문자열/ProjectReference 확인. endpoint 호출 메소드 직접 호출 여부는 상세 연결 표 참조.
FinUp.Stock.Web,FinUp.Stock,csproj에서 대상 프로젝트 문자열/ProjectReference 확인. endpoint 호출 메소드 직접 호출 여부는 상세 연결 표 참조.
FinUp.StockData.Biz,FinUp.Stock,csproj에서 대상 프로젝트 문자열/ProjectReference 확인. endpoint 호출 메소드 직접 호출 여부는 상세 연결 표 참조.
FinUp.StockData.Biz.Mapper,FinUp.Stock,csproj에서 대상 프로젝트 문자열/ProjectReference 확인. endpoint 호출 메소드 직접 호출 여부는 상세 연결 표 참조.
FinUp.StockData.Biz.MongoDB,FinUp.Stock,csproj에서 대상 프로젝트 문자열/ProjectReference 확인. endpoint 호출 메소드 직접 호출 여부는 상세 연결 표 참조.
FinUp.StockData.Biz.Redis,FinUp.Stock,csproj에서 대상 프로젝트 문자열/ProjectReference 확인. endpoint 호출 메소드 직접 호출 여부는 상세 연결 표 참조.
FinUp.StockData.ChartCapture.App,FinUp.Stock,csproj에서 대상 프로젝트 문자열/ProjectReference 확인. endpoint 호출 메소드 직접 호출 여부는 상세 연결 표 참조.
FinUp.StockData.Fundamentals,FinUp.Stock,csproj에서 대상 프로젝트 문자열/ProjectReference 확인. endpoint 호출 메소드 직접 호출 여부는 상세 연결 표 참조.
FinUp.StockData.Log,FinUp.Stock,csproj에서 대상 프로젝트 문자열/ProjectReference 확인. endpoint 호출 메소드 직접 호출 여부는 상세 연결 표 참조.
FinUp.StockData.Model,FinUp.Stock,csproj에서 대상 프로젝트 문자열/ProjectReference 확인. endpoint 호출 메소드 직접 호출 여부는 상세 연결 표 참조.
FinUp.StockData.Price.App,FinUp.Stock,csproj에서 대상 프로젝트 문자열/ProjectReference 확인. endpoint 호출 메소드 직접 호출 여부는 상세 연결 표 참조.
FinUp.StockData.Price.DataMapper,FinUp.Stock,csproj에서 대상 프로젝트 문자열/ProjectReference 확인. endpoint 호출 메소드 직접 호출 여부는 상세 연결 표 참조.
FinUp.StockData.Price.Kiwoom,FinUp.Stock,csproj에서 대상 프로젝트 문자열/ProjectReference 확인. endpoint 호출 메소드 직접 호출 여부는 상세 연결 표 참조.
FinUp.StockData.Price.Middleware.App,FinUp.Stock,csproj에서 대상 프로젝트 문자열/ProjectReference 확인. endpoint 호출 메소드 직접 호출 여부는 상세 연결 표 참조.
FinUp.StockData.Price.eBest,FinUp.Stock,csproj에서 대상 프로젝트 문자열/ProjectReference 확인. endpoint 호출 메소드 직접 호출 여부는 상세 연결 표 참조.
FinUp.StockData.Price.eBest.App,FinUp.Stock,csproj에서 대상 프로젝트 문자열/ProjectReference 확인. endpoint 호출 메소드 직접 호출 여부는 상세 연결 표 참조.
FinUp.StockData.RoboAnalysis.App,FinUp.Stock,csproj에서 대상 프로젝트 문자열/ProjectReference 확인. endpoint 호출 메소드 직접 호출 여부는 상세 연결 표 참조.
FinUp.StockData.Signal.App,FinUp.Stock,csproj에서 대상 프로젝트 문자열/ProjectReference 확인. endpoint 호출 메소드 직접 호출 여부는 상세 연결 표 참조.
FinUp.StockData.SignalQueue.App,FinUp.Stock,csproj에서 대상 프로젝트 문자열/ProjectReference 확인. endpoint 호출 메소드 직접 호출 여부는 상세 연결 표 참조.
FinUp.StockData.StockWatch.App,FinUp.Stock,csproj에서 대상 프로젝트 문자열/ProjectReference 확인. endpoint 호출 메소드 직접 호출 여부는 상세 연결 표 참조.
Finup.Chat.NET.Blazor.WASM,Finup.Chat.NET.Blazor.Core,csproj에서 대상 프로젝트 문자열/ProjectReference 확인. endpoint 호출 메소드 직접 호출 여부는 상세 연결 표 참조.
